{
    "vehicles":{
        "car":[
            "revolter",
            "jugular",
            "schafterg",
            "18Velar",
            "kuruma",
            "bf400",
            "bati",
			"911turbos"
        ],
        "heli":[
            "supervolito",
            "buzzard2"
        ]
    },
    "gf":{
      "spawnpoint_car": {
        "x": -195.2510223388672,
        "y": -1527.237060546875,
        "z": 33.44643020629883
      },
      "spawnpoint_heli": {
        "x": -268.4384765625,
        "y": -1623.8822021484375,
        "z": 31.84881019592285
      },
      "rotation_car": {
        "x": 0.24701635539531708,
        "y": -0.08175310492515564,
        "z": 322.0119323730469
      },
      "rotation_heli": {
        "x": -0.2291136533021927,
        "y": 0.1835513412952423,
        "z": 320.9114074707031
      }
    },
    "ballas":{
        "spawnpoint_car":{
            "x": 95.22486114501953,
            "y": -1959.99560546875,
            "z": 20.319589614868164
        },
        "spawnpoint_heli":{
            "x": 80.54017639160156,
            "y": -1964.1016845703125,
            "z": 25.04252815246582
        },
        "rotation_car": {
            "x": 0.24701635539531708,
            "y": -0.08175310492515564,
            "z": 322.0119323730469
        },
        "rotation_heli": {
            "x": -0.2291136533021927,
            "y": 0.1835513412952423,
            "z": 320.9114074707031
        }
    },
    "lsv":{
        "spawnpoint_car":{
            "x": 327.0642395019531,
            "y": -2040.3399658203125,
            "z": 20.764522552490234
        },
        "spawnpoint_heli":{
            "x": 319.2496643066406,
  "y": -2083.797607421875,
  "z": 17.729427337646484
        },
        "rotation_car": {
            "x": 0.24701635539531708,
            "y": -0.08175310492515564,
            "z": 322.0119323730469
        },
        "rotation_heli": {
            "x": -0.19556137919425964,
            "y": 0.22258871793746948,
            "z": 308.0918273925781
        }
    },
    "lost":{
        "spawnpoint_car":{
            "x": 195.23724365234375,
  "y": -1662.9906005859375,
  "z": 29.803224563598633
        },
        "spawnpoint_heli":{
            "x": 174.2359161376953,
  "y": -1676.3531494140625,
  "z": 33.66242599487305
        },
        "rotation_car": {
            "x": -0.24701635539531708,
        "y": 0.08175310492515564,
        "z": 152.0119323730469
        },
        "rotation_heli": {
            "x": -0.5066964626312256,
            "y": 0.19194169342517853,
            "z": 327.1651916503906
        }
    }
}